,0,1,2,3,4,5,6,7,8,9
0,396.0,0.0,390.0,0.0,935.0,779.0,0.0,0.0,0.0,1.0
1,84.0,0.0,0.0,0.0,0.0,0.0,2415.0,0.0,1.0,1.0
2,0.0,0.0,63.0,0.0,0.0,1103.0,0.0,0.0,1334.0,1.0
3,0.0,8.0,5.0,0.0,2439.0,48.0,0.0,0.0,0.0,1.0
4,1933.0,6.0,25.0,536.0,0.0,0.0,0.0,0.0,0.0,1.0
5,10.0,146.0,13.0,0.0,2314.0,17.0,0.0,0.0,0.0,1.0
6,0.0,2262.0,0.0,0.0,238.0,0.0,0.0,0.0,0.0,1.0
7,161.0,0.0,96.0,2243.0,0.0,0.0,0.0,0.0,0.0,1.0
8,0.0,1175.0,770.0,293.0,0.0,7.0,255.0,0.0,0.0,1.0
9,1757.0,0.0,0.0,280.0,160.0,10.0,0.0,5.0,288.0,1.0
10,0.0,731.0,0.0,1769.0,0.0,0.0,0.0,0.0,0.0,1.0
11,0.0,326.0,68.0,2048.0,58.0,0.0,0.0,0.0,0.0,1.0
12,0.0,0.0,0.0,0.0,421.0,2079.0,0.0,0.0,0.0,1.0
13,0.0,917.0,13.0,1491.0,79.0,0.0,0.0,0.0,0.0,1.0
14,15.0,226.0,0.0,739.0,1511.0,0.0,9.0,0.0,0.0,1.0
15,441.0,0.0,506.0,34.0,0.0,199.0,0.0,1280.0,40.0,1.0
16,0.0,0.0,0.0,1631.0,869.0,0.0,0.0,0.0,0.0,1.0
17,0.0,606.0,592.0,0.0,1302.0,0.0,0.0,0.0,0.0,1.0
18,0.0,0.0,17.0,1866.0,0.0,0.0,8.0,0.0,609.0,1.0
19,0.0,0.0,1082.0,215.0,1203.0,0.0,0.0,0.0,0.0,1.0
20,0.0,0.0,0.0,2275.0,0.0,64.0,0.0,0.0,161.0,1.0
21,1665.0,0.0,0.0,0.0,76.0,547.0,212.0,0.0,0.0,1.0
22,0.0,1700.0,115.0,0.0,0.0,86.0,294.0,255.0,50.0,1.0
23,4.0,67.0,0.0,0.0,2429.0,0.0,0.0,0.0,0.0,1.0
24,1028.0,0.0,58.0,0.0,523.0,0.0,551.0,0.0,340.0,1.0
25,899.0,0.0,1023.0,74.0,6.0,0.0,0.0,0.0,498.0,1.0
26,0.0,0.0,0.0,0.0,338.0,2162.0,0.0,0.0,0.0,1.0
27,0.0,0.0,114.0,2180.0,0.0,0.0,0.0,0.0,206.0,1.0
28,4.0,0.0,9.0,0.0,0.0,1183.0,0.0,0.0,1304.0,1.0
29,1209.0,0.0,107.0,1184.0,0.0,0.0,0.0,0.0,0.0,1.0
30,0.0,0.0,391.0,1768.0,0.0,0.0,62.0,279.0,0.0,1.0
31,0.0,0.0,18.0,271.0,2100.0,9.0,0.0,4.0,98.0,1.0
32,0.0,2178.0,0.0,322.0,0.0,0.0,0.0,0.0,0.0,1.0
33,778.0,1432.0,0.0,180.0,0.0,53.0,12.0,0.0,45.0,1.0
34,0.0,172.0,298.0,533.0,1497.0,0.0,0.0,0.0,0.0,1.0
35,0.0,0.0,1815.0,685.0,0.0,0.0,0.0,0.0,0.0,1.0
36,0.0,456.0,0.0,1525.0,450.0,0.0,69.0,0.0,0.0,1.0
37,165.0,503.0,0.0,1267.0,357.0,0.0,208.0,0.0,0.0,1.0
38,1602.0,0.0,0.0,0.0,537.0,347.0,0.0,0.0,14.0,1.0
39,6.0,420.0,682.0,686.0,320.0,4.0,0.0,382.0,0.0,1.0
40,0.0,0.0,0.0,0.0,1894.0,606.0,0.0,0.0,0.0,1.0
41,41.0,436.0,23.0,677.0,1323.0,0.0,0.0,0.0,0.0,1.0
42,0.0,1950.0,0.0,175.0,0.0,0.0,4.0,0.0,371.0,1.0
43,15.0,2071.0,80.0,0.0,162.0,0.0,0.0,172.0,0.0,1.0
44,367.0,0.0,324.0,559.0,1250.0,0.0,0.0,0.0,0.0,1.0
45,2450.0,0.0,0.0,0.0,0.0,0.0,0.0,0.0,50.0,1.0
46,0.0,0.0,57.0,0.0,1930.0,301.0,212.0,0.0,0.0,1.0
47,0.0,0.0,25.0,863.0,474.0,1138.0,0.0,0.0,0.0,1.0
48,0.0,0.0,505.0,1457.0,0.0,538.0,0.0,0.0,0.0,1.0
49,0.0,0.0,195.0,1511.0,0.0,611.0,183.0,0.0,0.0,1.0
50,0.0,0.0,249.0,0.0,1881.0,319.0,51.0,0.0,0.0,1.0
51,1326.0,665.0,505.0,0.0,0.0,0.0,0.0,4.0,0.0,1.0
52,0.0,701.0,1.0,0.0,1378.0,420.0,0.0,0.0,0.0,1.0
53,0.0,3.0,649.0,1795.0,53.0,0.0,0.0,0.0,0.0,1.0
54,0.0,36.0,665.0,1606.0,155.0,0.0,38.0,0.0,0.0,1.0
55,0.0,0.0,0.0,218.0,2282.0,0.0,0.0,0.0,0.0,1.0
56,2337.0,24.0,139.0,0.0,0.0,0.0,0.0,0.0,0.0,1.0
57,252.0,0.0,1899.0,90.0,0.0,0.0,0.0,0.0,259.0,1.0
58,0.0,1574.0,831.0,0.0,0.0,0.0,0.0,0.0,95.0,1.0
59,18.0,116.0,2366.0,0.0,0.0,0.0,0.0,0.0,0.0,1.0
60,0.0,60.0,1096.0,812.0,387.0,0.0,145.0,0.0,0.0,1.0
61,0.0,0.0,0.0,144.0,695.0,1661.0,0.0,0.0,0.0,1.0
62,0.0,664.0,0.0,351.0,0.0,1485.0,0.0,0.0,0.0,1.0
63,442.0,0.0,680.0,767.0,0.0,0.0,0.0,610.0,1.0,1.0
64,113.0,0.0,29.0,1856.0,0.0,0.0,31.0,0.0,471.0,1.0
65,0.0,0.0,0.0,1620.0,706.0,5.0,0.0,0.0,169.0,1.0
66,90.0,32.0,906.0,1195.0,277.0,0.0,0.0,0.0,0.0,1.0
67,0.0,2500.0,0.0,0.0,0.0,0.0,0.0,0.0,0.0,1.0
68,0.0,750.0,0.0,103.0,294.0,0.0,1353.0,0.0,0.0,1.0
69,708.0,0.0,49.0,0.0,317.0,1426.0,0.0,0.0,0.0,1.0
70,0.0,0.0,0.0,0.0,2500.0,0.0,0.0,0.0,0.0,1.0
71,0.0,0.0,508.0,1318.0,0.0,674.0,0.0,0.0,0.0,1.0
72,0.0,0.0,0.0,0.0,2500.0,0.0,0.0,0.0,0.0,1.0
73,0.0,355.0,0.0,0.0,0.0,0.0,0.0,0.0,2145.0,1.0
74,0.0,352.0,842.0,800.0,0.0,0.0,0.0,0.0,506.0,1.0
75,0.0,419.0,63.0,1920.0,0.0,0.0,98.0,0.0,0.0,1.0
76,0.0,41.0,1391.0,996.0,0.0,0.0,72.0,0.0,0.0,1.0
77,1344.0,120.0,21.0,762.0,0.0,0.0,15.0,0.0,238.0,1.0
78,801.0,0.0,572.0,0.0,656.0,0.0,469.0,2.0,0.0,1.0
79,0.0,48.0,1473.0,626.0,26.0,0.0,269.0,0.0,58.0,1.0
80,0.0,1978.0,45.0,468.0,0.0,0.0,0.0,0.0,9.0,1.0
81,1454.0,0.0,0.0,0.0,341.0,324.0,0.0,0.0,381.0,1.0
82,14.0,0.0,122.0,2334.0,3.0,12.0,15.0,0.0,0.0,1.0
83,0.0,83.0,5.0,0.0,2144.0,0.0,0.0,268.0,0.0,1.0
84,53.0,0.0,1435.0,715.0,0.0,297.0,0.0,0.0,0.0,1.0
85,0.0,0.0,0.0,0.0,465.0,2035.0,0.0,0.0,0.0,1.0
86,0.0,1344.0,0.0,744.0,325.0,0.0,0.0,87.0,0.0,1.0
87,0.0,1870.0,0.0,0.0,622.0,8.0,0.0,0.0,0.0,1.0
88,0.0,0.0,0.0,0.0,2062.0,318.0,0.0,120.0,0.0,1.0
89,0.0,1.0,334.0,1781.0,7.0,376.0,1.0,0.0,0.0,1.0
90,0.0,41.0,114.0,889.0,1456.0,0.0,0.0,0.0,0.0,1.0
91,485.0,0.0,0.0,30.0,0.0,0.0,449.0,0.0,1536.0,1.0
92,186.0,0.0,1480.0,791.0,33.0,10.0,0.0,0.0,0.0,1.0
93,0.0,0.0,0.0,0.0,2500.0,0.0,0.0,0.0,0.0,1.0
94,232.0,2005.0,7.0,256.0,0.0,0.0,0.0,0.0,0.0,1.0
95,0.0,2145.0,0.0,355.0,0.0,0.0,0.0,0.0,0.0,1.0
96,171.0,0.0,0.0,407.0,1848.0,74.0,0.0,0.0,0.0,1.0
97,0.0,180.0,267.0,0.0,1762.0,246.0,45.0,0.0,0.0,1.0
98,0.0,45.0,710.0,138.0,1161.0,0.0,0.0,446.0,0.0,1.0
99,0.0,0.0,34.0,0.0,2384.0,82.0,0.0,0.0,0.0,1.0
100,505.0,710.0,215.0,1040.0,0.0,0.0,30.0,0.0,0.0,1.0
101,2186.0,314.0,0.0,0.0,0.0,0.0,0.0,0.0,0.0,1.0
102,592.0,0.0,134.0,128.0,1572.0,74.0,0.0,0.0,0.0,1.0
103,0.0,0.0,44.0,635.0,1820.0,1.0,0.0,0.0,0.0,1.0
104,0.0,0.0,566.0,0.0,1762.0,172.0,0.0,0.0,0.0,1.0
105,15.0,2368.0,0.0,117.0,0.0,0.0,0.0,0.0,0.0,1.0
106,10.0,1889.0,19.0,0.0,0.0,434.0,108.0,15.0,25.0,1.0
107,165.0,1374.0,433.0,0.0,528.0,0.0,0.0,0.0,0.0,1.0
108,0.0,0.0,27.0,673.0,190.0,1610.0,0.0,0.0,0.0,1.0
109,0.0,0.0,179.0,14.0,2307.0,0.0,0.0,0.0,0.0,1.0
110,0.0,160.0,181.0,0.0,2135.0,24.0,0.0,0.0,0.0,1.0
111,33.0,0.0,456.0,0.0,373.0,229.0,0.0,0.0,1409.0,1.0
112,0.0,152.0,0.0,0.0,302.0,2046.0,0.0,0.0,0.0,1.0
113,10.0,170.0,66.0,1968.0,0.0,286.0,0.0,0.0,0.0,1.0
114,0.0,0.0,215.0,1145.0,63.0,324.0,753.0,0.0,0.0,1.0
115,0.0,465.0,0.0,801.0,618.0,616.0,0.0,0.0,0.0,1.0
116,0.0,6.0,675.0,0.0,603.0,1124.0,0.0,92.0,0.0,1.0
117,0.0,0.0,0.0,0.0,2495.0,5.0,0.0,0.0,0.0,1.0
118,699.0,158.0,1643.0,0.0,0.0,0.0,0.0,0.0,0.0,1.0
119,0.0,730.0,12.0,1403.0,355.0,0.0,0.0,0.0,0.0,1.0
120,2090.0,260.0,0.0,150.0,0.0,0.0,0.0,0.0,0.0,1.0
121,0.0,0.0,444.0,0.0,295.0,0.0,1761.0,0.0,0.0,1.0
122,0.0,0.0,15.0,215.0,2270.0,0.0,0.0,0.0,0.0,1.0
123,0.0,188.0,0.0,524.0,831.0,426.0,531.0,0.0,0.0,1.0
124,1470.0,0.0,0.0,1.0,652.0,354.0,0.0,0.0,23.0,1.0
125,0.0,161.0,348.0,0.0,1954.0,35.0,2.0,0.0,0.0,1.0
126,0.0,0.0,196.0,1914.0,32.0,21.0,0.0,0.0,337.0,1.0
127,0.0,0.0,236.0,0.0,1582.0,682.0,0.0,0.0,0.0,1.0
128,2139.0,0.0,318.0,43.0,0.0,0.0,0.0,0.0,0.0,1.0
129,278.0,0.0,242.0,1015.0,965.0,0.0,0.0,0.0,0.0,1.0
130,0.0,2500.0,0.0,0.0,0.0,0.0,0.0,0.0,0.0,1.0
131,1947.0,0.0,0.0,0.0,0.0,0.0,0.0,0.0,553.0,1.0
132,0.0,33.0,0.0,629.0,135.0,1703.0,0.0,0.0,0.0,1.0
133,275.0,0.0,712.0,0.0,833.0,211.0,436.0,33.0,0.0,1.0
134,0.0,1061.0,140.0,0.0,1299.0,0.0,0.0,0.0,0.0,1.0
135,485.0,0.0,989.0,1026.0,0.0,0.0,0.0,0.0,0.0,1.0
136,1741.0,646.0,113.0,0.0,0.0,0.0,0.0,0.0,0.0,1.0
137,0.0,1833.0,497.0,46.0,64.0,0.0,60.0,0.0,0.0,1.0
138,0.0,0.0,0.0,1171.0,1329.0,0.0,0.0,0.0,0.0,1.0
139,0.0,0.0,1607.0,0.0,354.0,539.0,0.0,0.0,0.0,1.0
140,0.0,0.0,266.0,1701.0,529.0,0.0,4.0,0.0,0.0,1.0
141,0.0,0.0,0.0,407.0,2093.0,0.0,0.0,0.0,0.0,1.0
142,568.0,1434.0,460.0,0.0,0.0,0.0,38.0,0.0,0.0,1.0
143,0.0,0.0,643.0,908.0,0.0,658.0,0.0,291.0,0.0,1.0
144,0.0,263.0,51.0,2177.0,9.0,0.0,0.0,0.0,0.0,1.0
145,2313.0,0.0,80.0,0.0,0.0,0.0,9.0,0.0,98.0,1.0
146,11.0,342.0,0.0,2147.0,0.0,0.0,0.0,0.0,0.0,1.0
147,0.0,2500.0,0.0,0.0,0.0,0.0,0.0,0.0,0.0,1.0
148,107.0,0.0,217.0,0.0,0.0,2176.0,0.0,0.0,0.0,1.0
149,0.0,0.0,607.0,1723.0,170.0,0.0,0.0,0.0,0.0,1.0
150,584.0,609.0,0.0,986.0,0.0,321.0,0.0,0.0,0.0,1.0
151,0.0,0.0,398.0,1998.0,80.0,0.0,0.0,0.0,24.0,1.0
152,0.0,18.0,2.0,0.0,2480.0,0.0,0.0,0.0,0.0,1.0
153,0.0,0.0,0.0,0.0,0.0,2500.0,0.0,0.0,0.0,1.0
154,708.0,19.0,64.0,117.0,1592.0,0.0,0.0,0.0,0.0,1.0
155,0.0,45.0,349.0,1797.0,0.0,309.0,0.0,0.0,0.0,1.0
156,276.0,0.0,1656.0,558.0,9.0,0.0,0.0,0.0,1.0,1.0
157,0.0,0.0,20.0,2453.0,0.0,4.0,23.0,0.0,0.0,1.0
158,0.0,4.0,0.0,245.0,2099.0,0.0,152.0,0.0,0.0,1.0
159,439.0,746.0,250.0,0.0,993.0,70.0,2.0,0.0,0.0,1.0
160,0.0,0.0,31.0,1644.0,587.0,0.0,238.0,0.0,0.0,1.0
161,0.0,170.0,135.0,0.0,1900.0,0.0,0.0,295.0,0.0,1.0
162,476.0,0.0,360.0,1526.0,138.0,0.0,0.0,0.0,0.0,1.0
163,588.0,0.0,0.0,1326.0,0.0,0.0,586.0,0.0,0.0,1.0
164,801.0,0.0,1340.0,0.0,0.0,359.0,0.0,0.0,0.0,1.0
165,0.0,374.0,36.0,0.0,2090.0,0.0,0.0,0.0,0.0,1.0
166,844.0,0.0,374.0,740.0,0.0,0.0,0.0,0.0,542.0,1.0
167,0.0,2103.0,0.0,81.0,316.0,0.0,0.0,0.0,0.0,1.0
168,79.0,0.0,0.0,2421.0,0.0,0.0,0.0,0.0,0.0,1.0
169,0.0,2176.0,250.0,0.0,74.0,0.0,0.0,0.0,0.0,1.0
170,0.0,529.0,797.0,0.0,0.0,1138.0,36.0,0.0,0.0,1.0
171,1028.0,0.0,239.0,0.0,247.0,778.0,208.0,0.0,0.0,1.0
172,0.0,0.0,467.0,1327.0,706.0,0.0,0.0,0.0,0.0,1.0
173,0.0,77.0,0.0,346.0,2077.0,0.0,0.0,0.0,0.0,1.0
174,114.0,434.0,913.0,144.0,0.0,0.0,1.0,0.0,894.0,1.0
175,0.0,47.0,23.0,595.0,1535.0,300.0,0.0,0.0,0.0,1.0
176,0.0,33.0,0.0,1334.0,29.0,946.0,0.0,0.0,158.0,1.0
177,380.0,0.0,173.0,897.0,162.0,0.0,888.0,0.0,0.0,1.0
178,0.0,2500.0,0.0,0.0,0.0,0.0,0.0,0.0,0.0,1.0
179,0.0,141.0,0.0,102.0,2257.0,0.0,0.0,0.0,0.0,1.0
180,0.0,0.0,112.0,2313.0,75.0,0.0,0.0,0.0,0.0,1.0
181,0.0,24.0,0.0,0.0,0.0,27.0,0.0,0.0,2449.0,1.0
182,0.0,5.0,0.0,1153.0,1342.0,0.0,0.0,0.0,0.0,1.0
183,0.0,0.0,963.0,1535.0,2.0,0.0,0.0,0.0,0.0,1.0
184,0.0,0.0,47.0,2218.0,21.0,0.0,0.0,0.0,214.0,1.0
185,1003.0,54.0,1059.0,292.0,0.0,51.0,41.0,0.0,0.0,1.0
186,1118.0,0.0,656.0,0.0,0.0,0.0,0.0,562.0,164.0,1.0
187,792.0,0.0,19.0,0.0,1627.0,62.0,0.0,0.0,0.0,1.0
188,153.0,0.0,312.0,2020.0,15.0,0.0,0.0,0.0,0.0,1.0
189,0.0,79.0,5.0,2332.0,6.0,78.0,0.0,0.0,0.0,1.0
190,0.0,0.0,23.0,2414.0,63.0,0.0,0.0,0.0,0.0,1.0
191,0.0,656.0,0.0,0.0,1662.0,182.0,0.0,0.0,0.0,1.0
192,1577.0,0.0,321.0,0.0,0.0,0.0,448.0,0.0,154.0,1.0
193,10.0,2020.0,0.0,0.0,470.0,0.0,0.0,0.0,0.0,1.0
194,0.0,2317.0,0.0,154.0,29.0,0.0,0.0,0.0,0.0,1.0
195,913.0,279.0,817.0,491.0,0.0,0.0,0.0,0.0,0.0,1.0
196,0.0,0.0,0.0,135.0,2344.0,21.0,0.0,0.0,0.0,1.0
197,0.0,1453.0,243.0,422.0,257.0,125.0,0.0,0.0,0.0,1.0
198,0.0,2183.0,0.0,81.0,236.0,0.0,0.0,0.0,0.0,1.0
199,69.0,1443.0,8.0,81.0,191.0,694.0,0.0,0.0,14.0,1.0
200,0.0,2147.0,346.0,0.0,7.0,0.0,0.0,0.0,0.0,1.0
201,0.0,3.0,69.0,2428.0,0.0,0.0,0.0,0.0,0.0,1.0
202,0.0,2319.0,0.0,181.0,0.0,0.0,0.0,0.0,0.0,1.0
203,0.0,1112.0,366.0,0.0,777.0,0.0,242.0,3.0,0.0,1.0
204,0.0,135.0,155.0,0.0,2127.0,83.0,0.0,0.0,0.0,1.0
205,220.0,295.0,1665.0,0.0,320.0,0.0,0.0,0.0,0.0,1.0
206,0.0,13.0,425.0,0.0,715.0,1347.0,0.0,0.0,0.0,1.0
207,0.0,0.0,101.0,747.0,1509.0,121.0,0.0,0.0,22.0,1.0
208,1335.0,0.0,332.0,833.0,0.0,0.0,0.0,0.0,0.0,1.0
209,1199.0,0.0,0.0,533.0,206.0,66.0,0.0,0.0,496.0,1.0
210,9.0,134.0,0.0,2357.0,0.0,0.0,0.0,0.0,0.0,1.0
211,0.0,0.0,11.0,0.0,420.0,1853.0,216.0,0.0,0.0,1.0
212,1670.0,0.0,478.0,352.0,0.0,0.0,0.0,0.0,0.0,1.0
213,400.0,333.0,0.0,711.0,739.0,0.0,0.0,0.0,317.0,1.0
214,512.0,54.0,87.0,1309.0,144.0,0.0,177.0,156.0,61.0,1.0
215,8.0,30.0,712.0,1655.0,95.0,0.0,0.0,0.0,0.0,1.0
216,0.0,436.0,63.0,1467.0,528.0,0.0,6.0,0.0,0.0,1.0
217,463.0,0.0,1543.0,342.0,127.0,0.0,25.0,0.0,0.0,1.0
218,495.0,0.0,1453.0,0.0,485.0,67.0,0.0,0.0,0.0,1.0
219,686.0,0.0,1355.0,0.0,452.0,0.0,7.0,0.0,0.0,1.0
220,191.0,959.0,204.0,0.0,478.0,481.0,182.0,0.0,5.0,1.0
221,1994.0,0.0,0.0,482.0,0.0,0.0,15.0,0.0,9.0,1.0
222,151.0,0.0,462.0,937.0,950.0,0.0,0.0,0.0,0.0,1.0
223,0.0,0.0,363.0,353.0,1784.0,0.0,0.0,0.0,0.0,1.0
224,0.0,649.0,0.0,9.0,1842.0,0.0,0.0,0.0,0.0,1.0
225,210.0,1614.0,93.0,51.0,0.0,0.0,532.0,0.0,0.0,1.0
226,1212.0,1206.0,10.0,72.0,0.0,0.0,0.0,0.0,0.0,1.0
227,0.0,1044.0,0.0,1314.0,0.0,0.0,142.0,0.0,0.0,1.0
228,0.0,0.0,5.0,108.0,917.0,1470.0,0.0,0.0,0.0,1.0
229,465.0,0.0,106.0,583.0,55.0,0.0,1291.0,0.0,0.0,1.0
230,0.0,0.0,2.0,110.0,2143.0,245.0,0.0,0.0,0.0,1.0
231,346.0,0.0,0.0,806.0,1322.0,26.0,0.0,0.0,0.0,1.0
232,0.0,0.0,0.0,0.0,2500.0,0.0,0.0,0.0,0.0,1.0
233,2298.0,0.0,48.0,154.0,0.0,0.0,0.0,0.0,0.0,1.0
234,0.0,0.0,0.0,443.0,2057.0,0.0,0.0,0.0,0.0,1.0
235,0.0,1971.0,529.0,0.0,0.0,0.0,0.0,0.0,0.0,1.0
236,0.0,0.0,0.0,1620.0,543.0,337.0,0.0,0.0,0.0,1.0
237,866.0,0.0,0.0,0.0,511.0,1123.0,0.0,0.0,0.0,1.0
238,600.0,232.0,336.0,1332.0,0.0,0.0,0.0,0.0,0.0,1.0
239,1644.0,0.0,0.0,826.0,0.0,0.0,0.0,0.0,30.0,1.0
240,140.0,0.0,112.0,0.0,1872.0,376.0,0.0,0.0,0.0,1.0
241,1524.0,17.0,0.0,575.0,0.0,0.0,384.0,0.0,0.0,1.0
242,294.0,35.0,285.0,1886.0,0.0,0.0,0.0,0.0,0.0,1.0
243,0.0,957.0,0.0,188.0,1284.0,71.0,0.0,0.0,0.0,1.0
244,242.0,0.0,458.0,0.0,1800.0,0.0,0.0,0.0,0.0,1.0
245,0.0,457.0,461.0,1049.0,533.0,0.0,0.0,0.0,0.0,1.0
246,0.0,863.0,119.0,746.0,51.0,406.0,315.0,0.0,0.0,1.0
247,0.0,0.0,650.0,1731.0,0.0,3.0,112.0,4.0,0.0,1.0
248,0.0,0.0,0.0,1724.0,632.0,144.0,0.0,0.0,0.0,1.0
249,876.0,0.0,0.0,386.0,1238.0,0.0,0.0,0.0,0.0,1.0
250,1502.0,0.0,88.0,150.0,17.0,561.0,69.0,0.0,113.0,1.0
251,0.0,0.0,811.0,99.0,1590.0,0.0,0.0,0.0,0.0,1.0
252,0.0,0.0,0.0,84.0,656.0,0.0,0.0,0.0,1760.0,1.0
253,0.0,2500.0,0.0,0.0,0.0,0.0,0.0,0.0,0.0,1.0
254,336.0,0.0,20.0,1188.0,952.0,0.0,0.0,0.0,4.0,1.0
255,0.0,170.0,540.0,568.0,1222.0,0.0,0.0,0.0,0.0,1.0
256,0.0,302.0,0.0,1863.0,0.0,3.0,172.0,0.0,160.0,1.0
257,380.0,0.0,1679.0,17.0,0.0,424.0,0.0,0.0,0.0,1.0
258,46.0,138.0,754.0,1562.0,0.0,0.0,0.0,0.0,0.0,1.0
259,0.0,1079.0,0.0,409.0,1012.0,0.0,0.0,0.0,0.0,1.0
260,558.0,244.0,1545.0,0.0,28.0,0.0,73.0,0.0,52.0,1.0
261,0.0,2408.0,0.0,0.0,0.0,14.0,25.0,53.0,0.0,1.0
262,0.0,0.0,6.0,2357.0,0.0,3.0,134.0,0.0,0.0,1.0
263,0.0,1009.0,100.0,238.0,1153.0,0.0,0.0,0.0,0.0,1.0
264,0.0,323.0,0.0,1113.0,1064.0,0.0,0.0,0.0,0.0,1.0
265,0.0,13.0,2.0,1530.0,824.0,0.0,131.0,0.0,0.0,1.0
266,1244.0,14.0,37.0,0.0,584.0,0.0,621.0,0.0,0.0,1.0
267,0.0,37.0,0.0,50.0,2413.0,0.0,0.0,0.0,0.0,1.0
268,2210.0,0.0,0.0,0.0,275.0,0.0,0.0,0.0,15.0,1.0
269,0.0,193.0,204.0,851.0,1252.0,0.0,0.0,0.0,0.0,1.0
270,0.0,0.0,421.0,1776.0,3.0,222.0,0.0,78.0,0.0,1.0
271,0.0,1300.0,229.0,389.0,481.0,0.0,0.0,0.0,101.0,1.0
272,0.0,354.0,0.0,1930.0,7.0,94.0,115.0,0.0,0.0,1.0
273,187.0,0.0,664.0,97.0,408.0,981.0,151.0,0.0,12.0,1.0
274,0.0,0.0,400.0,0.0,224.0,1099.0,0.0,0.0,777.0,1.0
275,0.0,1214.0,273.0,0.0,0.0,0.0,1013.0,0.0,0.0,1.0
276,426.0,0.0,17.0,498.0,0.0,71.0,1488.0,0.0,0.0,1.0
277,0.0,241.0,123.0,1812.0,214.0,0.0,0.0,0.0,110.0,1.0
278,0.0,0.0,496.0,68.0,0.0,1.0,1910.0,25.0,0.0,1.0
279,0.0,1400.0,1067.0,0.0,0.0,0.0,0.0,0.0,33.0,1.0
280,2077.0,283.0,25.0,53.0,0.0,0.0,43.0,0.0,19.0,1.0
281,0.0,0.0,0.0,0.0,549.0,1289.0,662.0,0.0,0.0,1.0
282,92.0,1624.0,164.0,420.0,200.0,0.0,0.0,0.0,0.0,1.0
283,0.0,1521.0,459.0,113.0,407.0,0.0,0.0,0.0,0.0,1.0
284,0.0,0.0,0.0,696.0,1804.0,0.0,0.0,0.0,0.0,1.0
285,1203.0,224.0,795.0,0.0,0.0,0.0,278.0,0.0,0.0,1.0
286,866.0,180.0,0.0,376.0,1078.0,0.0,0.0,0.0,0.0,1.0
287,0.0,0.0,0.0,756.0,258.0,0.0,1486.0,0.0,0.0,1.0
288,51.0,0.0,15.0,1083.0,1180.0,171.0,0.0,0.0,0.0,1.0
289,0.0,280.0,38.0,272.0,0.0,0.0,1910.0,0.0,0.0,1.0
290,0.0,713.0,32.0,849.0,906.0,0.0,0.0,0.0,0.0,1.0
291,1106.0,0.0,966.0,423.0,5.0,0.0,0.0,0.0,0.0,1.0
292,666.0,0.0,903.0,0.0,0.0,0.0,931.0,0.0,0.0,1.0
293,259.0,0.0,0.0,0.0,2241.0,0.0,0.0,0.0,0.0,1.0
294,0.0,1.0,0.0,0.0,2298.0,201.0,0.0,0.0,0.0,1.0
295,26.0,1561.0,442.0,0.0,471.0,0.0,0.0,0.0,0.0,1.0
296,0.0,0.0,813.0,84.0,1511.0,92.0,0.0,0.0,0.0,1.0
297,0.0,0.0,313.0,938.0,1004.0,245.0,0.0,0.0,0.0,1.0
298,785.0,944.0,62.0,0.0,709.0,0.0,0.0,0.0,0.0,1.0
299,1582.0,0.0,751.0,2.0,5.0,0.0,160.0,0.0,0.0,1.0
300,739.0,0.0,130.0,0.0,0.0,1631.0,0.0,0.0,0.0,2.0
301,0.0,225.0,0.0,935.0,1213.0,0.0,127.0,0.0,0.0,2.0
302,0.0,669.0,0.0,1831.0,0.0,0.0,0.0,0.0,0.0,2.0
303,11.0,566.0,152.0,1629.0,142.0,0.0,0.0,0.0,0.0,2.0
304,117.0,0.0,1125.0,145.0,477.0,284.0,0.0,352.0,0.0,2.0
305,0.0,0.0,0.0,335.0,0.0,599.0,1566.0,0.0,0.0,2.0
306,0.0,1193.0,0.0,672.0,407.0,228.0,0.0,0.0,0.0,2.0
307,699.0,0.0,328.0,1463.0,0.0,0.0,0.0,10.0,0.0,2.0
308,0.0,2044.0,189.0,267.0,0.0,0.0,0.0,0.0,0.0,2.0
309,0.0,0.0,223.0,29.0,0.0,0.0,2210.0,0.0,38.0,2.0
310,0.0,674.0,568.0,617.0,641.0,0.0,0.0,0.0,0.0,2.0
311,649.0,0.0,0.0,1638.0,213.0,0.0,0.0,0.0,0.0,2.0
312,321.0,121.0,1602.0,456.0,0.0,0.0,0.0,0.0,0.0,2.0
313,14.0,144.0,47.0,2295.0,0.0,0.0,0.0,0.0,0.0,2.0
314,921.0,0.0,482.0,671.0,0.0,178.0,248.0,0.0,0.0,2.0
315,0.0,2412.0,0.0,0.0,0.0,88.0,0.0,0.0,0.0,2.0
316,0.0,0.0,59.0,22.0,0.0,0.0,2419.0,0.0,0.0,2.0
317,0.0,251.0,160.0,2089.0,0.0,0.0,0.0,0.0,0.0,2.0
318,95.0,0.0,184.0,587.0,1634.0,0.0,0.0,0.0,0.0,2.0
319,0.0,57.0,0.0,446.0,1997.0,0.0,0.0,0.0,0.0,2.0
320,938.0,1535.0,0.0,27.0,0.0,0.0,0.0,0.0,0.0,2.0
321,162.0,56.0,1184.0,929.0,168.0,0.0,1.0,0.0,0.0,2.0
322,55.0,0.0,98.0,2347.0,0.0,0.0,0.0,0.0,0.0,2.0
323,0.0,0.0,446.0,2054.0,0.0,0.0,0.0,0.0,0.0,2.0
324,0.0,0.0,269.0,1798.0,20.0,0.0,0.0,0.0,413.0,2.0
325,0.0,0.0,950.0,1503.0,0.0,0.0,0.0,47.0,0.0,2.0
326,0.0,0.0,0.0,2498.0,0.0,0.0,0.0,2.0,0.0,2.0
327,0.0,0.0,460.0,1993.0,47.0,0.0,0.0,0.0,0.0,2.0
328,0.0,0.0,0.0,0.0,1752.0,748.0,0.0,0.0,0.0,2.0
329,403.0,433.0,284.0,596.0,237.0,0.0,31.0,516.0,0.0,2.0
330,1078.0,16.0,0.0,1144.0,225.0,0.0,37.0,0.0,0.0,2.0
331,2.0,0.0,0.0,2481.0,0.0,17.0,0.0,0.0,0.0,2.0
332,34.0,296.0,1211.0,717.0,242.0,0.0,0.0,0.0,0.0,2.0
333,164.0,0.0,0.0,2164.0,0.0,0.0,14.0,0.0,158.0,2.0
334,1555.0,945.0,0.0,0.0,0.0,0.0,0.0,0.0,0.0,2.0
335,0.0,0.0,242.0,2257.0,1.0,0.0,0.0,0.0,0.0,2.0
336,0.0,87.0,0.0,2411.0,0.0,0.0,0.0,2.0,0.0,2.0
337,0.0,2500.0,0.0,0.0,0.0,0.0,0.0,0.0,0.0,2.0
338,217.0,1770.0,7.0,481.0,25.0,0.0,0.0,0.0,0.0,2.0
339,0.0,1333.0,1.0,0.0,1166.0,0.0,0.0,0.0,0.0,2.0
340,1348.0,0.0,0.0,456.0,95.0,0.0,0.0,0.0,601.0,2.0
341,44.0,262.0,155.0,629.0,417.0,0.0,993.0,0.0,0.0,2.0
342,5.0,0.0,970.0,0.0,0.0,364.0,178.0,0.0,983.0,2.0
343,1346.0,0.0,10.0,0.0,225.0,0.0,0.0,0.0,919.0,2.0
344,630.0,0.0,26.0,0.0,438.0,123.0,0.0,0.0,1283.0,2.0
345,314.0,0.0,0.0,118.0,2068.0,0.0,0.0,0.0,0.0,2.0
346,0.0,0.0,50.0,2318.0,132.0,0.0,0.0,0.0,0.0,2.0
347,0.0,870.0,1.0,1397.0,15.0,0.0,217.0,0.0,0.0,2.0
348,0.0,0.0,616.0,61.0,0.0,0.0,1823.0,0.0,0.0,2.0
349,0.0,297.0,57.0,1504.0,29.0,613.0,0.0,0.0,0.0,2.0
350,0.0,42.0,1.0,2456.0,0.0,0.0,0.0,0.0,1.0,2.0
351,971.0,0.0,0.0,813.0,716.0,0.0,0.0,0.0,0.0,2.0
352,0.0,0.0,0.0,2500.0,0.0,0.0,0.0,0.0,0.0,2.0
353,0.0,0.0,0.0,2456.0,0.0,44.0,0.0,0.0,0.0,2.0
354,884.0,0.0,374.0,1039.0,167.0,0.0,0.0,0.0,36.0,2.0
355,0.0,0.0,1322.0,114.0,785.0,279.0,0.0,0.0,0.0,2.0
356,0.0,229.0,33.0,436.0,1802.0,0.0,0.0,0.0,0.0,2.0
357,0.0,388.0,291.0,1223.0,229.0,260.0,109.0,0.0,0.0,2.0
358,6.0,366.0,428.0,1633.0,0.0,0.0,67.0,0.0,0.0,2.0
359,0.0,0.0,556.0,1424.0,520.0,0.0,0.0,0.0,0.0,2.0
360,0.0,0.0,184.0,0.0,2316.0,0.0,0.0,0.0,0.0,2.0
361,539.0,29.0,805.0,1113.0,14.0,0.0,0.0,0.0,0.0,2.0
362,47.0,1185.0,56.0,501.0,567.0,144.0,0.0,0.0,0.0,2.0
363,0.0,0.0,201.0,456.0,0.0,832.0,1008.0,0.0,3.0,2.0
364,614.0,1.0,7.0,1682.0,196.0,0.0,0.0,0.0,0.0,2.0
365,0.0,14.0,23.0,2261.0,0.0,0.0,115.0,44.0,43.0,2.0
366,628.0,0.0,920.0,0.0,0.0,0.0,0.0,0.0,952.0,2.0
367,0.0,185.0,0.0,287.0,310.0,1718.0,0.0,0.0,0.0,2.0
368,0.0,0.0,154.0,2175.0,0.0,0.0,0.0,171.0,0.0,2.0
369,0.0,0.0,128.0,908.0,1445.0,0.0,19.0,0.0,0.0,2.0
370,0.0,0.0,0.0,2138.0,39.0,323.0,0.0,0.0,0.0,2.0
371,0.0,139.0,21.0,1124.0,1144.0,4.0,68.0,0.0,0.0,2.0
372,0.0,146.0,12.0,2342.0,0.0,0.0,0.0,0.0,0.0,2.0
373,0.0,0.0,1173.0,34.0,969.0,324.0,0.0,0.0,0.0,2.0
374,0.0,2148.0,132.0,0.0,0.0,220.0,0.0,0.0,0.0,2.0
375,0.0,815.0,158.0,0.0,1357.0,0.0,170.0,0.0,0.0,2.0
376,0.0,46.0,0.0,2138.0,3.0,0.0,313.0,0.0,0.0,2.0
377,0.0,0.0,0.0,1137.0,1348.0,15.0,0.0,0.0,0.0,2.0
378,241.0,197.0,782.0,0.0,835.0,445.0,0.0,0.0,0.0,2.0
379,280.0,0.0,871.0,0.0,0.0,1349.0,0.0,0.0,0.0,2.0
380,0.0,744.0,0.0,1756.0,0.0,0.0,0.0,0.0,0.0,2.0
381,474.0,0.0,76.0,522.0,1428.0,0.0,0.0,0.0,0.0,2.0
382,3.0,0.0,148.0,1680.0,0.0,0.0,0.0,0.0,669.0,2.0
383,32.0,0.0,46.0,1744.0,134.0,544.0,0.0,0.0,0.0,2.0
384,0.0,0.0,0.0,2500.0,0.0,0.0,0.0,0.0,0.0,2.0
385,0.0,799.0,6.0,1193.0,0.0,502.0,0.0,0.0,0.0,2.0
386,0.0,0.0,0.0,160.0,2340.0,0.0,0.0,0.0,0.0,2.0
387,0.0,367.0,0.0,1878.0,14.0,241.0,0.0,0.0,0.0,2.0
388,251.0,236.0,0.0,1903.0,0.0,110.0,0.0,0.0,0.0,2.0
389,0.0,2500.0,0.0,0.0,0.0,0.0,0.0,0.0,0.0,2.0
390,0.0,29.0,225.0,1979.0,18.0,247.0,0.0,2.0,0.0,2.0
391,21.0,0.0,2208.0,18.0,253.0,0.0,0.0,0.0,0.0,2.0
392,0.0,1156.0,0.0,1344.0,0.0,0.0,0.0,0.0,0.0,2.0
393,0.0,0.0,1888.0,26.0,586.0,0.0,0.0,0.0,0.0,2.0
394,262.0,0.0,0.0,1680.0,191.0,0.0,367.0,0.0,0.0,2.0
395,468.0,1810.0,3.0,219.0,0.0,0.0,0.0,0.0,0.0,2.0
396,0.0,0.0,428.0,1103.0,3.0,0.0,0.0,966.0,0.0,2.0
397,1188.0,0.0,1269.0,0.0,43.0,0.0,0.0,0.0,0.0,2.0
398,0.0,0.0,267.0,2195.0,0.0,37.0,0.0,1.0,0.0,2.0
399,1.0,246.0,662.0,1591.0,0.0,0.0,0.0,0.0,0.0,2.0
400,0.0,295.0,883.0,0.0,1322.0,0.0,0.0,0.0,0.0,2.0
401,2206.0,0.0,9.0,284.0,0.0,1.0,0.0,0.0,0.0,2.0
402,11.0,0.0,137.0,2168.0,184.0,0.0,0.0,0.0,0.0,2.0
403,138.0,952.0,558.0,695.0,157.0,0.0,0.0,0.0,0.0,2.0
404,0.0,0.0,641.0,1519.0,0.0,0.0,0.0,340.0,0.0,2.0
405,0.0,87.0,902.0,1511.0,0.0,0.0,0.0,0.0,0.0,2.0
406,0.0,0.0,1381.0,0.0,1058.0,0.0,61.0,0.0,0.0,2.0
407,0.0,234.0,0.0,2245.0,0.0,0.0,21.0,0.0,0.0,2.0
408,2451.0,30.0,19.0,0.0,0.0,0.0,0.0,0.0,0.0,2.0
409,0.0,0.0,1631.0,0.0,0.0,489.0,305.0,0.0,75.0,2.0
410,0.0,351.0,0.0,2044.0,105.0,0.0,0.0,0.0,0.0,2.0
411,0.0,0.0,1134.0,0.0,1347.0,0.0,0.0,0.0,19.0,2.0
412,1090.0,0.0,10.0,1400.0,0.0,0.0,0.0,0.0,0.0,2.0
413,0.0,0.0,5.0,13.0,0.0,77.0,2395.0,0.0,10.0,2.0
414,252.0,0.0,27.0,2221.0,0.0,0.0,0.0,0.0,0.0,2.0
415,187.0,193.0,8.0,2014.0,10.0,0.0,0.0,87.0,1.0,2.0
416,0.0,267.0,273.0,1830.0,121.0,0.0,0.0,9.0,0.0,2.0
417,142.0,0.0,290.0,0.0,1604.0,245.0,219.0,0.0,0.0,2.0
418,0.0,594.0,70.0,1781.0,0.0,0.0,0.0,0.0,55.0,2.0
419,945.0,0.0,0.0,1501.0,0.0,0.0,0.0,0.0,54.0,2.0
420,0.0,0.0,343.0,1958.0,0.0,0.0,0.0,0.0,199.0,2.0
421,0.0,0.0,140.0,1958.0,0.0,402.0,0.0,0.0,0.0,2.0
422,155.0,0.0,829.0,360.0,480.0,676.0,0.0,0.0,0.0,2.0
423,0.0,0.0,0.0,2344.0,17.0,139.0,0.0,0.0,0.0,2.0
424,0.0,0.0,111.0,1699.0,690.0,0.0,0.0,0.0,0.0,2.0
425,0.0,20.0,560.0,1080.0,62.0,0.0,0.0,0.0,778.0,2.0
426,0.0,0.0,1574.0,765.0,0.0,161.0,0.0,0.0,0.0,2.0
427,400.0,120.0,272.0,1501.0,207.0,0.0,0.0,0.0,0.0,2.0
428,64.0,0.0,39.0,1028.0,730.0,628.0,11.0,0.0,0.0,2.0
429,0.0,0.0,0.0,396.0,57.0,2047.0,0.0,0.0,0.0,2.0
430,212.0,0.0,0.0,1569.0,584.0,0.0,0.0,0.0,135.0,2.0
431,128.0,693.0,0.0,17.0,0.0,0.0,0.0,0.0,1662.0,2.0
432,0.0,2487.0,0.0,0.0,13.0,0.0,0.0,0.0,0.0,2.0
433,95.0,0.0,32.0,945.0,36.0,626.0,0.0,766.0,0.0,2.0
434,0.0,20.0,0.0,2325.0,0.0,0.0,155.0,0.0,0.0,2.0
435,2.0,197.0,0.0,2281.0,0.0,0.0,20.0,0.0,0.0,2.0
436,135.0,5.0,15.0,1836.0,0.0,0.0,411.0,0.0,98.0,2.0
437,400.0,544.0,1320.0,26.0,0.0,45.0,62.0,0.0,103.0,2.0
438,43.0,517.0,217.0,1723.0,0.0,0.0,0.0,0.0,0.0,2.0
439,462.0,12.0,99.0,0.0,1583.0,344.0,0.0,0.0,0.0,2.0
440,2052.0,0.0,12.0,0.0,436.0,0.0,0.0,0.0,0.0,2.0
441,0.0,2335.0,0.0,165.0,0.0,0.0,0.0,0.0,0.0,2.0
442,764.0,410.0,0.0,1326.0,0.0,0.0,0.0,0.0,0.0,2.0
443,1121.0,0.0,895.0,468.0,0.0,0.0,0.0,0.0,16.0,2.0
444,568.0,724.0,202.0,70.0,0.0,936.0,0.0,0.0,0.0,2.0
445,93.0,185.0,0.0,1991.0,231.0,0.0,0.0,0.0,0.0,2.0
446,387.0,0.0,177.0,657.0,0.0,12.0,1267.0,0.0,0.0,2.0
447,39.0,12.0,43.0,1429.0,977.0,0.0,0.0,0.0,0.0,2.0
448,0.0,0.0,0.0,1985.0,0.0,369.0,11.0,20.0,115.0,2.0
449,2189.0,0.0,300.0,11.0,0.0,0.0,0.0,0.0,0.0,2.0
450,60.0,0.0,56.0,0.0,0.0,1420.0,0.0,0.0,964.0,2.0
451,222.0,190.0,0.0,1209.0,0.0,0.0,879.0,0.0,0.0,2.0
452,0.0,735.0,0.0,731.0,16.0,1018.0,0.0,0.0,0.0,2.0
453,0.0,0.0,0.0,1140.0,931.0,0.0,429.0,0.0,0.0,2.0
454,0.0,1319.0,0.0,0.0,1181.0,0.0,0.0,0.0,0.0,2.0
455,0.0,0.0,108.0,2094.0,298.0,0.0,0.0,0.0,0.0,2.0
456,0.0,0.0,1.0,720.0,1779.0,0.0,0.0,0.0,0.0,2.0
457,0.0,0.0,574.0,1915.0,0.0,11.0,0.0,0.0,0.0,2.0
458,12.0,0.0,0.0,0.0,1655.0,0.0,833.0,0.0,0.0,2.0
459,0.0,322.0,0.0,96.0,955.0,1127.0,0.0,0.0,0.0,2.0
460,0.0,0.0,0.0,2454.0,46.0,0.0,0.0,0.0,0.0,2.0
461,0.0,1491.0,0.0,614.0,395.0,0.0,0.0,0.0,0.0,2.0
462,0.0,1731.0,0.0,733.0,36.0,0.0,0.0,0.0,0.0,2.0
463,0.0,2500.0,0.0,0.0,0.0,0.0,0.0,0.0,0.0,2.0
464,234.0,0.0,31.0,1279.0,954.0,0.0,2.0,0.0,0.0,2.0
465,0.0,697.0,0.0,148.0,0.0,0.0,383.0,0.0,1272.0,2.0
466,0.0,2500.0,0.0,0.0,0.0,0.0,0.0,0.0,0.0,2.0
467,173.0,6.0,22.0,2250.0,0.0,0.0,0.0,0.0,49.0,2.0
468,0.0,0.0,195.0,434.0,502.0,341.0,1028.0,0.0,0.0,2.0
469,902.0,0.0,0.0,33.0,1463.0,0.0,102.0,0.0,0.0,2.0
470,0.0,1577.0,0.0,87.0,836.0,0.0,0.0,0.0,0.0,2.0
471,0.0,0.0,2.0,413.0,2085.0,0.0,0.0,0.0,0.0,2.0
472,0.0,363.0,0.0,33.0,1634.0,470.0,0.0,0.0,0.0,2.0
473,286.0,0.0,0.0,1783.0,352.0,79.0,0.0,0.0,0.0,2.0
474,0.0,1869.0,0.0,606.0,0.0,0.0,25.0,0.0,0.0,2.0
475,299.0,0.0,762.0,1405.0,0.0,0.0,0.0,0.0,34.0,2.0
476,1029.0,0.0,0.0,1229.0,0.0,0.0,214.0,28.0,0.0,2.0
477,1215.0,350.0,523.0,145.0,218.0,0.0,0.0,0.0,49.0,2.0
478,705.0,0.0,1210.0,0.0,0.0,0.0,585.0,0.0,0.0,2.0
479,0.0,0.0,0.0,1566.0,0.0,7.0,927.0,0.0,0.0,2.0
480,983.0,0.0,138.0,1376.0,0.0,0.0,0.0,0.0,3.0,2.0
481,1.0,1472.0,0.0,914.0,17.0,0.0,92.0,4.0,0.0,2.0
482,1270.0,0.0,0.0,245.0,300.0,0.0,685.0,0.0,0.0,2.0
483,0.0,0.0,0.0,2500.0,0.0,0.0,0.0,0.0,0.0,2.0
484,11.0,8.0,11.0,1934.0,0.0,229.0,29.0,0.0,278.0,2.0
485,0.0,0.0,472.0,584.0,754.0,657.0,0.0,33.0,0.0,2.0
486,782.0,0.0,317.0,1401.0,0.0,0.0,0.0,0.0,0.0,2.0
487,0.0,1645.0,0.0,339.0,0.0,0.0,0.0,516.0,0.0,2.0
488,1332.0,90.0,18.0,568.0,492.0,0.0,0.0,0.0,0.0,2.0
489,0.0,2481.0,0.0,19.0,0.0,0.0,0.0,0.0,0.0,2.0
490,0.0,21.0,11.0,545.0,1923.0,0.0,0.0,0.0,0.0,2.0
491,47.0,0.0,0.0,943.0,571.0,0.0,939.0,0.0,0.0,2.0
492,171.0,0.0,403.0,0.0,209.0,1427.0,0.0,0.0,290.0,2.0
493,489.0,0.0,140.0,0.0,0.0,1149.0,673.0,0.0,49.0,2.0
494,0.0,300.0,125.0,1813.0,0.0,0.0,197.0,65.0,0.0,2.0
495,0.0,0.0,1683.0,247.0,552.0,0.0,0.0,18.0,0.0,2.0
496,0.0,76.0,0.0,0.0,0.0,1611.0,813.0,0.0,0.0,2.0
497,0.0,0.0,0.0,949.0,0.0,0.0,1551.0,0.0,0.0,2.0
498,0.0,1693.0,0.0,774.0,33.0,0.0,0.0,0.0,0.0,2.0
499,533.0,0.0,0.0,136.0,88.0,1450.0,293.0,0.0,0.0,2.0
500,0.0,31.0,0.0,2216.0,136.0,0.0,61.0,56.0,0.0,2.0
501,2279.0,0.0,90.0,0.0,0.0,0.0,131.0,0.0,0.0,2.0
502,1910.0,0.0,514.0,0.0,76.0,0.0,0.0,0.0,0.0,2.0
503,1.0,0.0,0.0,162.0,2057.0,0.0,0.0,0.0,280.0,2.0
504,0.0,0.0,1382.0,0.0,1118.0,0.0,0.0,0.0,0.0,2.0
505,52.0,0.0,0.0,2448.0,0.0,0.0,0.0,0.0,0.0,2.0
506,2500.0,0.0,0.0,0.0,0.0,0.0,0.0,0.0,0.0,2.0
507,827.0,368.0,0.0,912.0,0.0,0.0,0.0,0.0,393.0,2.0
508,589.0,0.0,417.0,583.0,0.0,0.0,911.0,0.0,0.0,2.0
509,0.0,1468.0,2.0,1030.0,0.0,0.0,0.0,0.0,0.0,2.0
510,817.0,0.0,407.0,303.0,705.0,0.0,0.0,0.0,268.0,2.0
511,658.0,0.0,0.0,0.0,4.0,1838.0,0.0,0.0,0.0,2.0
512,211.0,0.0,1985.0,22.0,0.0,282.0,0.0,0.0,0.0,2.0
513,0.0,136.0,59.0,1171.0,1134.0,0.0,0.0,0.0,0.0,2.0
514,0.0,0.0,1252.0,533.0,715.0,0.0,0.0,0.0,0.0,2.0
515,141.0,0.0,226.0,1390.0,244.0,6.0,493.0,0.0,0.0,2.0
516,0.0,2438.0,0.0,62.0,0.0,0.0,0.0,0.0,0.0,2.0
517,0.0,2463.0,0.0,0.0,37.0,0.0,0.0,0.0,0.0,2.0
518,645.0,0.0,350.0,1505.0,0.0,0.0,0.0,0.0,0.0,2.0
519,92.0,975.0,653.0,267.0,504.0,9.0,0.0,0.0,0.0,2.0
520,0.0,0.0,0.0,0.0,2387.0,0.0,113.0,0.0,0.0,2.0
521,0.0,1576.0,0.0,55.0,0.0,428.0,441.0,0.0,0.0,2.0
522,11.0,0.0,537.0,1926.0,0.0,26.0,0.0,0.0,0.0,2.0
523,1787.0,0.0,0.0,429.0,0.0,0.0,0.0,0.0,284.0,2.0
524,0.0,0.0,0.0,228.0,2272.0,0.0,0.0,0.0,0.0,2.0
525,0.0,0.0,0.0,0.0,2268.0,232.0,0.0,0.0,0.0,2.0
526,0.0,1110.0,0.0,1390.0,0.0,0.0,0.0,0.0,0.0,2.0
527,0.0,9.0,0.0,2383.0,108.0,0.0,0.0,0.0,0.0,2.0
528,0.0,0.0,0.0,1391.0,1109.0,0.0,0.0,0.0,0.0,2.0
529,0.0,1466.0,0.0,0.0,943.0,91.0,0.0,0.0,0.0,2.0
530,0.0,184.0,0.0,123.0,2001.0,192.0,0.0,0.0,0.0,2.0
531,276.0,227.0,530.0,63.0,571.0,133.0,700.0,0.0,0.0,2.0
532,0.0,0.0,0.0,0.0,2488.0,12.0,0.0,0.0,0.0,2.0
533,0.0,1713.0,0.0,787.0,0.0,0.0,0.0,0.0,0.0,2.0
534,0.0,1391.0,419.0,664.0,0.0,26.0,0.0,0.0,0.0,2.0
535,55.0,33.0,619.0,1793.0,0.0,0.0,0.0,0.0,0.0,2.0
536,0.0,0.0,273.0,2024.0,70.0,0.0,0.0,133.0,0.0,2.0
537,239.0,0.0,758.0,1325.0,147.0,0.0,0.0,0.0,31.0,2.0
538,0.0,2500.0,0.0,0.0,0.0,0.0,0.0,0.0,0.0,2.0
539,0.0,188.0,0.0,2310.0,0.0,2.0,0.0,0.0,0.0,2.0
540,1236.0,0.0,0.0,1264.0,0.0,0.0,0.0,0.0,0.0,2.0
541,0.0,951.0,0.0,0.0,1305.0,244.0,0.0,0.0,0.0,2.0
542,2185.0,0.0,78.0,188.0,49.0,0.0,0.0,0.0,0.0,2.0
543,0.0,93.0,0.0,2407.0,0.0,0.0,0.0,0.0,0.0,2.0
544,167.0,0.0,1283.0,273.0,394.0,383.0,0.0,0.0,0.0,2.0
545,1289.0,0.0,1172.0,0.0,39.0,0.0,0.0,0.0,0.0,2.0
546,0.0,0.0,741.0,402.0,1353.0,1.0,0.0,3.0,0.0,2.0
547,755.0,1101.0,0.0,60.0,489.0,0.0,0.0,0.0,95.0,2.0
548,396.0,0.0,1025.0,942.0,0.0,66.0,71.0,0.0,0.0,2.0
549,0.0,94.0,0.0,403.0,2003.0,0.0,0.0,0.0,0.0,2.0
550,1303.0,0.0,0.0,961.0,0.0,0.0,0.0,0.0,236.0,2.0
551,0.0,173.0,0.0,1701.0,512.0,0.0,114.0,0.0,0.0,2.0
552,0.0,732.0,17.0,1560.0,0.0,45.0,0.0,0.0,146.0,2.0
553,80.0,0.0,0.0,0.0,2420.0,0.0,0.0,0.0,0.0,2.0
554,18.0,722.0,1430.0,18.0,0.0,0.0,31.0,0.0,281.0,2.0
555,0.0,584.0,1516.0,24.0,76.0,300.0,0.0,0.0,0.0,2.0
556,0.0,22.0,5.0,2420.0,0.0,53.0,0.0,0.0,0.0,2.0
557,135.0,75.0,0.0,1846.0,444.0,0.0,0.0,0.0,0.0,2.0
558,0.0,0.0,0.0,476.0,2024.0,0.0,0.0,0.0,0.0,2.0
559,323.0,80.0,0.0,1264.0,633.0,0.0,0.0,0.0,200.0,2.0
560,0.0,604.0,0.0,767.0,1129.0,0.0,0.0,0.0,0.0,2.0
561,0.0,653.0,0.0,1744.0,103.0,0.0,0.0,0.0,0.0,2.0
562,0.0,1535.0,626.0,172.0,167.0,0.0,0.0,0.0,0.0,2.0
563,0.0,0.0,1294.0,1206.0,0.0,0.0,0.0,0.0,0.0,2.0
564,174.0,0.0,1093.0,1233.0,0.0,0.0,0.0,0.0,0.0,2.0
565,289.0,0.0,346.0,1485.0,93.0,214.0,3.0,69.0,1.0,2.0
566,0.0,1666.0,834.0,0.0,0.0,0.0,0.0,0.0,0.0,2.0
567,2193.0,6.0,0.0,301.0,0.0,0.0,0.0,0.0,0.0,2.0
568,52.0,0.0,254.0,2135.0,0.0,0.0,24.0,0.0,35.0,2.0
569,0.0,565.0,827.0,0.0,1015.0,0.0,0.0,93.0,0.0,2.0
570,0.0,149.0,0.0,1620.0,731.0,0.0,0.0,0.0,0.0,2.0
571,0.0,120.0,0.0,0.0,2161.0,219.0,0.0,0.0,0.0,2.0
572,159.0,0.0,329.0,1665.0,267.0,80.0,0.0,0.0,0.0,2.0
573,6.0,148.0,0.0,2136.0,210.0,0.0,0.0,0.0,0.0,2.0
574,0.0,0.0,1538.0,0.0,962.0,0.0,0.0,0.0,0.0,2.0
575,0.0,117.0,0.0,0.0,2383.0,0.0,0.0,0.0,0.0,2.0
576,0.0,0.0,0.0,1230.0,1248.0,0.0,22.0,0.0,0.0,2.0
577,0.0,0.0,82.0,2394.0,0.0,0.0,0.0,24.0,0.0,2.0
578,0.0,2000.0,36.0,334.0,130.0,0.0,0.0,0.0,0.0,2.0
579,0.0,0.0,561.0,1931.0,8.0,0.0,0.0,0.0,0.0,2.0
580,0.0,10.0,0.0,42.0,2322.0,119.0,7.0,0.0,0.0,2.0
581,275.0,154.0,6.0,1149.0,0.0,916.0,0.0,0.0,0.0,2.0
582,153.0,1903.0,0.0,444.0,0.0,0.0,0.0,0.0,0.0,2.0
583,913.0,699.0,0.0,0.0,888.0,0.0,0.0,0.0,0.0,2.0
584,0.0,0.0,3.0,765.0,1732.0,0.0,0.0,0.0,0.0,2.0
585,22.0,0.0,370.0,855.0,0.0,862.0,391.0,0.0,0.0,2.0
586,1327.0,0.0,169.0,17.0,0.0,79.0,0.0,0.0,908.0,2.0
587,0.0,0.0,0.0,0.0,2500.0,0.0,0.0,0.0,0.0,2.0
588,157.0,0.0,45.0,0.0,1380.0,897.0,13.0,0.0,8.0,2.0
589,0.0,730.0,605.0,0.0,1079.0,86.0,0.0,0.0,0.0,2.0
590,1158.0,1075.0,131.0,111.0,0.0,0.0,0.0,0.0,25.0,2.0
591,619.0,0.0,59.0,0.0,699.0,0.0,1123.0,0.0,0.0,2.0
592,40.0,0.0,84.0,2200.0,54.0,0.0,41.0,0.0,81.0,2.0
593,0.0,0.0,33.0,1283.0,1153.0,31.0,0.0,0.0,0.0,2.0
594,0.0,0.0,0.0,0.0,2500.0,0.0,0.0,0.0,0.0,2.0
595,0.0,0.0,2021.0,1.0,404.0,0.0,0.0,74.0,0.0,2.0
596,486.0,0.0,1172.0,670.0,0.0,0.0,0.0,172.0,0.0,2.0
597,0.0,0.0,8.0,2355.0,137.0,0.0,0.0,0.0,0.0,2.0
598,0.0,0.0,308.0,682.0,1510.0,0.0,0.0,0.0,0.0,2.0
599,16.0,0.0,0.0,2316.0,168.0,0.0,0.0,0.0,0.0,2.0
600,0.0,0.0,619.0,0.0,62.0,727.0,1092.0,0.0,0.0,3.0
601,504.0,16.0,230.0,1546.0,204.0,0.0,0.0,0.0,0.0,3.0
602,1772.0,0.0,0.0,674.0,0.0,0.0,0.0,0.0,54.0,3.0
603,0.0,0.0,1795.0,705.0,0.0,0.0,0.0,0.0,0.0,3.0
604,0.0,0.0,32.0,2461.0,0.0,0.0,0.0,0.0,7.0,3.0
605,0.0,82.0,124.0,1937.0,0.0,0.0,357.0,0.0,0.0,3.0
606,1478.0,0.0,266.0,263.0,10.0,0.0,0.0,0.0,483.0,3.0
607,0.0,1055.0,0.0,939.0,504.0,2.0,0.0,0.0,0.0,3.0
608,1395.0,526.0,246.0,107.0,0.0,226.0,0.0,0.0,0.0,3.0
609,0.0,0.0,1977.0,275.0,0.0,0.0,0.0,248.0,0.0,3.0
610,0.0,148.0,0.0,1903.0,353.0,0.0,0.0,0.0,96.0,3.0
611,0.0,0.0,0.0,43.0,59.0,2398.0,0.0,0.0,0.0,3.0
612,0.0,1327.0,0.0,249.0,810.0,114.0,0.0,0.0,0.0,3.0
613,1.0,76.0,0.0,2172.0,251.0,0.0,0.0,0.0,0.0,3.0
614,0.0,1105.0,0.0,1380.0,15.0,0.0,0.0,0.0,0.0,3.0
615,1346.0,0.0,370.0,748.0,0.0,0.0,0.0,0.0,36.0,3.0
616,0.0,672.0,5.0,1367.0,0.0,0.0,0.0,0.0,456.0,3.0
617,0.0,0.0,0.0,474.0,0.0,2026.0,0.0,0.0,0.0,3.0
618,0.0,2236.0,0.0,264.0,0.0,0.0,0.0,0.0,0.0,3.0
619,0.0,0.0,0.0,1142.0,1353.0,0.0,0.0,0.0,5.0,3.0
620,0.0,384.0,767.0,655.0,0.0,0.0,565.0,129.0,0.0,3.0
621,15.0,193.0,0.0,2255.0,12.0,0.0,0.0,25.0,0.0,3.0
622,126.0,0.0,391.0,1983.0,0.0,0.0,0.0,0.0,0.0,3.0
623,0.0,2498.0,2.0,0.0,0.0,0.0,0.0,0.0,0.0,3.0
624,0.0,459.0,0.0,1673.0,0.0,0.0,0.0,0.0,368.0,3.0
625,190.0,1521.0,26.0,250.0,455.0,58.0,0.0,0.0,0.0,3.0
626,0.0,224.0,0.0,2246.0,0.0,0.0,30.0,0.0,0.0,3.0
627,0.0,924.0,0.0,1547.0,29.0,0.0,0.0,0.0,0.0,3.0
628,0.0,0.0,43.0,2457.0,0.0,0.0,0.0,0.0,0.0,3.0
629,0.0,0.0,0.0,1185.0,0.0,1315.0,0.0,0.0,0.0,3.0
630,0.0,0.0,0.0,1628.0,872.0,0.0,0.0,0.0,0.0,3.0
631,0.0,0.0,1074.0,1328.0,98.0,0.0,0.0,0.0,0.0,3.0
632,0.0,686.0,843.0,195.0,776.0,0.0,0.0,0.0,0.0,3.0
633,0.0,19.0,0.0,995.0,1477.0,0.0,0.0,9.0,0.0,3.0
634,0.0,0.0,289.0,2211.0,0.0,0.0,0.0,0.0,0.0,3.0
635,106.0,0.0,0.0,2371.0,0.0,0.0,23.0,0.0,0.0,3.0
636,210.0,425.0,177.0,1688.0,0.0,0.0,0.0,0.0,0.0,3.0
637,5.0,0.0,0.0,1811.0,684.0,0.0,0.0,0.0,0.0,3.0
638,569.0,0.0,0.0,1359.0,0.0,0.0,0.0,0.0,572.0,3.0
639,225.0,0.0,0.0,2168.0,0.0,0.0,17.0,0.0,90.0,3.0
640,0.0,625.0,0.0,1875.0,0.0,0.0,0.0,0.0,0.0,3.0
641,0.0,0.0,0.0,2494.0,0.0,0.0,0.0,6.0,0.0,3.0
642,0.0,0.0,0.0,1569.0,931.0,0.0,0.0,0.0,0.0,3.0
643,1059.0,0.0,479.0,0.0,0.0,0.0,180.0,0.0,782.0,3.0
644,0.0,0.0,0.0,1474.0,304.0,722.0,0.0,0.0,0.0,3.0
645,0.0,0.0,157.0,1573.0,139.0,567.0,0.0,64.0,0.0,3.0
646,0.0,0.0,0.0,110.0,2390.0,0.0,0.0,0.0,0.0,3.0
647,0.0,998.0,0.0,1502.0,0.0,0.0,0.0,0.0,0.0,3.0
648,19.0,341.0,1563.0,494.0,83.0,0.0,0.0,0.0,0.0,3.0
649,0.0,13.0,0.0,1924.0,249.0,314.0,0.0,0.0,0.0,3.0
650,0.0,36.0,402.0,237.0,1825.0,0.0,0.0,0.0,0.0,3.0
651,0.0,0.0,357.0,1130.0,1013.0,0.0,0.0,0.0,0.0,3.0
652,0.0,348.0,426.0,232.0,1494.0,0.0,0.0,0.0,0.0,3.0
653,133.0,354.0,31.0,332.0,249.0,1289.0,0.0,0.0,112.0,3.0
654,1099.0,478.0,698.0,225.0,0.0,0.0,0.0,0.0,0.0,3.0
655,0.0,159.0,0.0,2341.0,0.0,0.0,0.0,0.0,0.0,3.0
656,144.0,0.0,0.0,2356.0,0.0,0.0,0.0,0.0,0.0,3.0
657,1.0,486.0,0.0,0.0,1116.0,897.0,0.0,0.0,0.0,3.0
658,0.0,0.0,0.0,1370.0,1028.0,0.0,102.0,0.0,0.0,3.0
659,253.0,1.0,0.0,1523.0,0.0,0.0,0.0,0.0,723.0,3.0
660,1344.0,12.0,37.0,246.0,0.0,182.0,648.0,0.0,31.0,3.0
661,984.0,899.0,94.0,523.0,0.0,0.0,0.0,0.0,0.0,3.0
662,0.0,8.0,1.0,413.0,2078.0,0.0,0.0,0.0,0.0,3.0
663,0.0,1715.0,0.0,173.0,612.0,0.0,0.0,0.0,0.0,3.0
664,0.0,8.0,0.0,2374.0,0.0,0.0,0.0,0.0,118.0,3.0
665,77.0,1155.0,0.0,0.0,0.0,0.0,0.0,0.0,1268.0,3.0
666,184.0,181.0,19.0,0.0,2116.0,0.0,0.0,0.0,0.0,3.0
667,28.0,362.0,483.0,1426.0,18.0,182.0,0.0,0.0,1.0,3.0
668,0.0,0.0,0.0,2415.0,0.0,0.0,0.0,85.0,0.0,3.0
669,0.0,37.0,6.0,2061.0,86.0,310.0,0.0,0.0,0.0,3.0
670,0.0,436.0,0.0,2064.0,0.0,0.0,0.0,0.0,0.0,3.0
671,1443.0,0.0,101.0,738.0,38.0,0.0,0.0,0.0,180.0,3.0
672,153.0,0.0,2347.0,0.0,0.0,0.0,0.0,0.0,0.0,3.0
673,0.0,0.0,0.0,411.0,1238.0,0.0,851.0,0.0,0.0,3.0
674,845.0,0.0,0.0,224.0,760.0,0.0,671.0,0.0,0.0,3.0
675,8.0,716.0,72.0,621.0,1057.0,0.0,0.0,0.0,26.0,3.0
676,0.0,0.0,12.0,2476.0,0.0,0.0,0.0,0.0,12.0,3.0
677,0.0,185.0,0.0,2315.0,0.0,0.0,0.0,0.0,0.0,3.0
678,809.0,1164.0,0.0,0.0,0.0,0.0,0.0,0.0,527.0,3.0
679,46.0,0.0,0.0,957.0,1436.0,0.0,61.0,0.0,0.0,3.0
680,45.0,0.0,24.0,2098.0,0.0,26.0,306.0,1.0,0.0,3.0
681,0.0,0.0,7.0,250.0,0.0,2238.0,0.0,0.0,5.0,3.0
682,0.0,389.0,0.0,570.0,67.0,0.0,1474.0,0.0,0.0,3.0
683,0.0,768.0,0.0,1729.0,0.0,0.0,0.0,0.0,3.0,3.0
684,7.0,0.0,94.0,1531.0,0.0,0.0,865.0,0.0,3.0,3.0
685,0.0,0.0,549.0,1944.0,7.0,0.0,0.0,0.0,0.0,3.0
686,0.0,37.0,302.0,1659.0,0.0,433.0,0.0,69.0,0.0,3.0
687,0.0,0.0,0.0,270.0,141.0,2089.0,0.0,0.0,0.0,3.0
688,2500.0,0.0,0.0,0.0,0.0,0.0,0.0,0.0,0.0,3.0
689,1262.0,0.0,207.0,262.0,0.0,0.0,0.0,0.0,769.0,3.0
690,0.0,551.0,0.0,1949.0,0.0,0.0,0.0,0.0,0.0,3.0
691,0.0,2038.0,0.0,203.0,252.0,0.0,0.0,7.0,0.0,3.0
692,17.0,744.0,842.0,413.0,386.0,0.0,98.0,0.0,0.0,3.0
693,0.0,0.0,0.0,2461.0,11.0,28.0,0.0,0.0,0.0,3.0
694,946.0,668.0,20.0,866.0,0.0,0.0,0.0,0.0,0.0,3.0
695,0.0,0.0,0.0,2461.0,28.0,11.0,0.0,0.0,0.0,3.0
696,0.0,0.0,0.0,517.0,190.0,1793.0,0.0,0.0,0.0,3.0
697,0.0,0.0,119.0,1633.0,748.0,0.0,0.0,0.0,0.0,3.0
698,1029.0,0.0,0.0,1015.0,0.0,0.0,252.0,0.0,204.0,3.0
699,145.0,608.0,240.0,1179.0,227.0,0.0,101.0,0.0,0.0,3.0
700,0.0,0.0,0.0,2364.0,0.0,0.0,1.0,0.0,135.0,3.0
701,0.0,472.0,266.0,1591.0,171.0,0.0,0.0,0.0,0.0,3.0
702,0.0,16.0,0.0,2113.0,0.0,0.0,0.0,371.0,0.0,3.0
703,0.0,0.0,0.0,2500.0,0.0,0.0,0.0,0.0,0.0,3.0
704,735.0,511.0,1076.0,0.0,178.0,0.0,0.0,0.0,0.0,3.0
705,0.0,97.0,0.0,2403.0,0.0,0.0,0.0,0.0,0.0,3.0
706,0.0,0.0,288.0,2084.0,128.0,0.0,0.0,0.0,0.0,3.0
707,763.0,0.0,0.0,1175.0,82.0,0.0,26.0,0.0,454.0,3.0
708,0.0,0.0,4.0,2277.0,111.0,0.0,0.0,108.0,0.0,3.0
709,287.0,0.0,83.0,1773.0,267.0,0.0,90.0,0.0,0.0,3.0
710,367.0,0.0,0.0,1686.0,0.0,0.0,0.0,0.0,447.0,3.0
711,0.0,606.0,0.0,1854.0,40.0,0.0,0.0,0.0,0.0,3.0
712,0.0,419.0,0.0,2066.0,15.0,0.0,0.0,0.0,0.0,3.0
713,0.0,0.0,0.0,63.0,2437.0,0.0,0.0,0.0,0.0,3.0
714,0.0,43.0,0.0,2247.0,187.0,0.0,23.0,0.0,0.0,3.0
715,0.0,180.0,2.0,107.0,2211.0,0.0,0.0,0.0,0.0,3.0
716,0.0,1111.0,0.0,1384.0,0.0,5.0,0.0,0.0,0.0,3.0
717,0.0,0.0,182.0,1245.0,1073.0,0.0,0.0,0.0,0.0,3.0
718,0.0,0.0,0.0,2464.0,36.0,0.0,0.0,0.0,0.0,3.0
719,108.0,159.0,227.0,1950.0,56.0,0.0,0.0,0.0,0.0,3.0
720,0.0,48.0,45.0,1946.0,355.0,0.0,106.0,0.0,0.0,3.0
721,0.0,0.0,25.0,2475.0,0.0,0.0,0.0,0.0,0.0,3.0
722,349.0,1665.0,185.0,58.0,123.0,26.0,0.0,0.0,94.0,3.0
723,0.0,0.0,508.0,1260.0,633.0,0.0,0.0,99.0,0.0,3.0
724,0.0,0.0,133.0,640.0,1727.0,0.0,0.0,0.0,0.0,3.0
725,0.0,1288.0,0.0,0.0,0.0,1212.0,0.0,0.0,0.0,3.0
726,0.0,0.0,73.0,0.0,2427.0,0.0,0.0,0.0,0.0,3.0
727,2199.0,58.0,8.0,0.0,0.0,0.0,235.0,0.0,0.0,3.0
728,0.0,1456.0,0.0,0.0,1044.0,0.0,0.0,0.0,0.0,3.0
729,677.0,1127.0,0.0,696.0,0.0,0.0,0.0,0.0,0.0,3.0
730,0.0,152.0,167.0,2043.0,122.0,16.0,0.0,0.0,0.0,3.0
731,42.0,190.0,665.0,492.0,612.0,377.0,122.0,0.0,0.0,3.0
732,125.0,53.0,1065.0,152.0,879.0,104.0,122.0,0.0,0.0,3.0
733,240.0,0.0,1328.0,932.0,0.0,0.0,0.0,0.0,0.0,3.0
734,2500.0,0.0,0.0,0.0,0.0,0.0,0.0,0.0,0.0,3.0
735,2162.0,0.0,318.0,20.0,0.0,0.0,0.0,0.0,0.0,3.0
736,29.0,1111.0,42.0,324.0,578.0,416.0,0.0,0.0,0.0,3.0
737,0.0,130.0,0.0,0.0,1112.0,1258.0,0.0,0.0,0.0,3.0
738,0.0,1137.0,0.0,1363.0,0.0,0.0,0.0,0.0,0.0,3.0
739,0.0,1098.0,0.0,1402.0,0.0,0.0,0.0,0.0,0.0,3.0
740,903.0,540.0,451.0,606.0,0.0,0.0,0.0,0.0,0.0,3.0
741,0.0,164.0,0.0,1811.0,5.0,520.0,0.0,0.0,0.0,3.0
742,721.0,0.0,0.0,1779.0,0.0,0.0,0.0,0.0,0.0,3.0
743,0.0,0.0,0.0,2498.0,0.0,0.0,2.0,0.0,0.0,3.0
744,0.0,56.0,0.0,292.0,0.0,0.0,0.0,0.0,2152.0,3.0
745,0.0,0.0,8.0,2324.0,153.0,0.0,15.0,0.0,0.0,3.0
746,1254.0,0.0,492.0,0.0,0.0,700.0,22.0,0.0,32.0,3.0
747,0.0,109.0,0.0,0.0,1285.0,1106.0,0.0,0.0,0.0,3.0
748,0.0,2489.0,0.0,11.0,0.0,0.0,0.0,0.0,0.0,3.0
749,687.0,80.0,5.0,24.0,1704.0,0.0,0.0,0.0,0.0,3.0
750,0.0,2057.0,0.0,443.0,0.0,0.0,0.0,0.0,0.0,3.0
751,246.0,0.0,1938.0,0.0,308.0,0.0,0.0,0.0,8.0,3.0
752,0.0,0.0,23.0,2477.0,0.0,0.0,0.0,0.0,0.0,3.0
753,427.0,343.0,68.0,1662.0,0.0,0.0,0.0,0.0,0.0,3.0
754,2.0,751.0,188.0,841.0,202.0,185.0,331.0,0.0,0.0,3.0
755,0.0,721.0,0.0,1779.0,0.0,0.0,0.0,0.0,0.0,3.0
756,0.0,0.0,0.0,2500.0,0.0,0.0,0.0,0.0,0.0,3.0
757,0.0,0.0,1089.0,1289.0,0.0,122.0,0.0,0.0,0.0,3.0
758,0.0,1105.0,0.0,0.0,1395.0,0.0,0.0,0.0,0.0,3.0
759,0.0,60.0,81.0,1078.0,1281.0,0.0,0.0,0.0,0.0,3.0
760,0.0,0.0,2342.0,123.0,35.0,0.0,0.0,0.0,0.0,3.0
761,145.0,157.0,93.0,1787.0,0.0,308.0,0.0,2.0,8.0,3.0
762,0.0,648.0,0.0,485.0,1367.0,0.0,0.0,0.0,0.0,3.0
763,0.0,49.0,0.0,0.0,2389.0,0.0,0.0,0.0,62.0,3.0
764,0.0,777.0,624.0,1099.0,0.0,0.0,0.0,0.0,0.0,3.0
765,721.0,0.0,178.0,180.0,0.0,0.0,153.0,15.0,1253.0,3.0
766,239.0,0.0,0.0,99.0,1472.0,0.0,690.0,0.0,0.0,3.0
767,0.0,0.0,0.0,2490.0,0.0,0.0,10.0,0.0,0.0,3.0
768,0.0,0.0,0.0,1624.0,870.0,6.0,0.0,0.0,0.0,3.0
769,250.0,0.0,541.0,1137.0,0.0,0.0,0.0,0.0,572.0,3.0
770,0.0,0.0,22.0,2101.0,0.0,0.0,0.0,0.0,377.0,3.0
771,9.0,4.0,239.0,73.0,2175.0,0.0,0.0,0.0,0.0,3.0
772,0.0,0.0,897.0,1064.0,289.0,0.0,250.0,0.0,0.0,3.0
773,9.0,1.0,0.0,2479.0,0.0,0.0,0.0,0.0,11.0,3.0
774,11.0,0.0,296.0,2193.0,0.0,0.0,0.0,0.0,0.0,3.0
775,174.0,985.0,0.0,1038.0,303.0,0.0,0.0,0.0,0.0,3.0
776,0.0,1019.0,27.0,645.0,0.0,0.0,37.0,772.0,0.0,3.0
777,0.0,2.0,2034.0,374.0,88.0,0.0,2.0,0.0,0.0,3.0
778,805.0,69.0,14.0,1564.0,31.0,16.0,0.0,0.0,1.0,3.0
779,0.0,6.0,0.0,2410.0,13.0,0.0,71.0,0.0,0.0,3.0
780,0.0,16.0,687.0,1797.0,0.0,0.0,0.0,0.0,0.0,3.0
781,0.0,0.0,0.0,1605.0,214.0,681.0,0.0,0.0,0.0,3.0
782,0.0,0.0,0.0,2260.0,240.0,0.0,0.0,0.0,0.0,3.0
783,648.0,0.0,377.0,1475.0,0.0,0.0,0.0,0.0,0.0,3.0
784,0.0,0.0,180.0,383.0,0.0,0.0,0.0,1937.0,0.0,3.0
785,0.0,1720.0,0.0,27.0,612.0,0.0,141.0,0.0,0.0,3.0
786,0.0,2496.0,0.0,4.0,0.0,0.0,0.0,0.0,0.0,3.0
787,1492.0,372.0,20.0,572.0,44.0,0.0,0.0,0.0,0.0,3.0
788,233.0,387.0,0.0,1880.0,0.0,0.0,0.0,0.0,0.0,3.0
789,1299.0,0.0,0.0,1135.0,66.0,0.0,0.0,0.0,0.0,3.0
790,0.0,0.0,0.0,2295.0,2.0,0.0,0.0,203.0,0.0,3.0
791,486.0,0.0,0.0,1938.0,31.0,0.0,45.0,0.0,0.0,3.0
792,29.0,0.0,0.0,2406.0,5.0,0.0,60.0,0.0,0.0,3.0
793,327.0,0.0,0.0,1988.0,11.0,0.0,174.0,0.0,0.0,3.0
794,120.0,1046.0,0.0,0.0,25.0,1309.0,0.0,0.0,0.0,3.0
795,0.0,1191.0,137.0,709.0,0.0,4.0,0.0,0.0,459.0,3.0
796,0.0,2474.0,0.0,26.0,0.0,0.0,0.0,0.0,0.0,3.0
797,191.0,0.0,0.0,0.0,2309.0,0.0,0.0,0.0,0.0,3.0
798,0.0,0.0,711.0,0.0,1789.0,0.0,0.0,0.0,0.0,3.0
799,0.0,0.0,419.0,1718.0,363.0,0.0,0.0,0.0,0.0,3.0
800,3.0,0.0,24.0,1317.0,1130.0,0.0,26.0,0.0,0.0,3.0
801,239.0,1.0,0.0,1729.0,0.0,0.0,531.0,0.0,0.0,3.0
802,0.0,31.0,18.0,436.0,0.0,1901.0,0.0,114.0,0.0,3.0
803,63.0,0.0,0.0,530.0,1708.0,0.0,199.0,0.0,0.0,3.0
804,0.0,256.0,0.0,656.0,1585.0,3.0,0.0,0.0,0.0,3.0
805,411.0,23.0,19.0,1590.0,0.0,0.0,303.0,0.0,154.0,3.0
806,0.0,0.0,494.0,834.0,16.0,1156.0,0.0,0.0,0.0,3.0
807,1344.0,1156.0,0.0,0.0,0.0,0.0,0.0,0.0,0.0,3.0
808,0.0,307.0,0.0,723.0,1470.0,0.0,0.0,0.0,0.0,3.0
809,265.0,1391.0,0.0,32.0,195.0,0.0,617.0,0.0,0.0,3.0
810,185.0,0.0,0.0,2300.0,15.0,0.0,0.0,0.0,0.0,3.0
811,0.0,0.0,0.0,0.0,0.0,2500.0,0.0,0.0,0.0,3.0
812,0.0,357.0,0.0,2143.0,0.0,0.0,0.0,0.0,0.0,3.0
813,0.0,160.0,49.0,1491.0,763.0,37.0,0.0,0.0,0.0,3.0
814,0.0,9.0,257.0,2234.0,0.0,0.0,0.0,0.0,0.0,3.0
815,0.0,0.0,427.0,2066.0,7.0,0.0,0.0,0.0,0.0,3.0
816,0.0,0.0,751.0,0.0,1749.0,0.0,0.0,0.0,0.0,3.0
817,18.0,217.0,595.0,1670.0,0.0,0.0,0.0,0.0,0.0,3.0
818,41.0,1111.0,0.0,1342.0,0.0,0.0,0.0,0.0,6.0,3.0
819,0.0,1289.0,77.0,1134.0,0.0,0.0,0.0,0.0,0.0,3.0
820,0.0,112.0,32.0,2081.0,0.0,0.0,274.0,0.0,1.0,3.0
821,319.0,0.0,211.0,1736.0,234.0,0.0,0.0,0.0,0.0,3.0
822,3.0,309.0,0.0,2106.0,0.0,0.0,0.0,0.0,82.0,3.0
823,0.0,0.0,658.0,2.0,1840.0,0.0,0.0,0.0,0.0,3.0
824,0.0,47.0,514.0,1651.0,0.0,288.0,0.0,0.0,0.0,3.0
825,0.0,943.0,312.0,1201.0,39.0,0.0,5.0,0.0,0.0,3.0
826,0.0,824.0,0.0,745.0,0.0,0.0,0.0,931.0,0.0,3.0
827,189.0,0.0,0.0,1637.0,0.0,0.0,674.0,0.0,0.0,3.0
828,86.0,16.0,245.0,2099.0,54.0,0.0,0.0,0.0,0.0,3.0
829,29.0,0.0,316.0,2155.0,0.0,0.0,0.0,0.0,0.0,3.0
830,0.0,32.0,31.0,123.0,2285.0,29.0,0.0,0.0,0.0,3.0
831,0.0,0.0,0.0,0.0,2500.0,0.0,0.0,0.0,0.0,3.0
832,0.0,4.0,144.0,204.0,0.0,2148.0,0.0,0.0,0.0,3.0
833,0.0,0.0,378.0,2122.0,0.0,0.0,0.0,0.0,0.0,3.0
834,0.0,0.0,0.0,2466.0,12.0,0.0,0.0,22.0,0.0,3.0
835,307.0,0.0,0.0,2116.0,0.0,0.0,77.0,0.0,0.0,3.0
836,0.0,0.0,51.0,2401.0,0.0,48.0,0.0,0.0,0.0,3.0
837,0.0,817.0,744.0,939.0,0.0,0.0,0.0,0.0,0.0,3.0
838,0.0,351.0,0.0,905.0,0.0,1244.0,0.0,0.0,0.0,3.0
839,55.0,0.0,0.0,2313.0,0.0,132.0,0.0,0.0,0.0,3.0
840,0.0,1145.0,941.0,111.0,0.0,301.0,0.0,2.0,0.0,3.0
841,0.0,0.0,141.0,2265.0,0.0,27.0,0.0,0.0,67.0,3.0
842,104.0,819.0,0.0,1577.0,0.0,0.0,0.0,0.0,0.0,3.0
843,0.0,0.0,227.0,0.0,1874.0,399.0,0.0,0.0,0.0,3.0
844,513.0,0.0,75.0,1456.0,0.0,456.0,0.0,0.0,0.0,3.0
845,0.0,2419.0,0.0,15.0,0.0,0.0,0.0,0.0,66.0,3.0
846,51.0,0.0,77.0,2314.0,0.0,0.0,0.0,0.0,58.0,3.0
847,0.0,279.0,0.0,1579.0,58.0,126.0,0.0,458.0,0.0,3.0
848,0.0,0.0,0.0,75.0,2425.0,0.0,0.0,0.0,0.0,3.0
849,661.0,351.0,272.0,592.0,0.0,0.0,624.0,0.0,0.0,3.0
850,0.0,0.0,127.0,2058.0,0.0,0.0,286.0,0.0,29.0,3.0
851,30.0,286.0,508.0,1422.0,207.0,0.0,0.0,0.0,47.0,3.0
852,737.0,0.0,1308.0,284.0,0.0,51.0,106.0,14.0,0.0,3.0
853,417.0,0.0,0.0,830.0,530.0,723.0,0.0,0.0,0.0,3.0
854,0.0,2500.0,0.0,0.0,0.0,0.0,0.0,0.0,0.0,3.0
855,0.0,0.0,0.0,1720.0,65.0,0.0,0.0,715.0,0.0,3.0
856,1471.0,48.0,399.0,0.0,582.0,0.0,0.0,0.0,0.0,3.0
857,277.0,0.0,0.0,1918.0,87.0,0.0,0.0,218.0,0.0,3.0
858,0.0,133.0,227.0,1347.0,310.0,483.0,0.0,0.0,0.0,3.0
859,0.0,971.0,0.0,1462.0,67.0,0.0,0.0,0.0,0.0,3.0
860,710.0,0.0,0.0,679.0,1111.0,0.0,0.0,0.0,0.0,3.0
861,0.0,1438.0,0.0,0.0,1027.0,35.0,0.0,0.0,0.0,3.0
862,0.0,2462.0,0.0,0.0,0.0,38.0,0.0,0.0,0.0,3.0
863,0.0,881.0,30.0,1589.0,0.0,0.0,0.0,0.0,0.0,3.0
864,0.0,7.0,3.0,2485.0,0.0,5.0,0.0,0.0,0.0,3.0
865,548.0,437.0,0.0,1515.0,0.0,0.0,0.0,0.0,0.0,3.0
866,0.0,413.0,0.0,1241.0,0.0,0.0,0.0,0.0,846.0,3.0
867,0.0,0.0,505.0,0.0,0.0,1753.0,0.0,25.0,217.0,3.0
868,0.0,0.0,429.0,2017.0,0.0,0.0,54.0,0.0,0.0,3.0
869,0.0,52.0,0.0,1113.0,363.0,972.0,0.0,0.0,0.0,3.0
870,0.0,47.0,2194.0,234.0,25.0,0.0,0.0,0.0,0.0,3.0
871,0.0,0.0,0.0,87.0,2413.0,0.0,0.0,0.0,0.0,3.0
872,0.0,147.0,0.0,1207.0,1146.0,0.0,0.0,0.0,0.0,3.0
873,0.0,110.0,87.0,2229.0,74.0,0.0,0.0,0.0,0.0,3.0
874,0.0,1086.0,0.0,0.0,849.0,565.0,0.0,0.0,0.0,3.0
875,17.0,0.0,103.0,2309.0,71.0,0.0,0.0,0.0,0.0,3.0
876,0.0,629.0,83.0,52.0,1736.0,0.0,0.0,0.0,0.0,3.0
877,652.0,0.0,59.0,1496.0,206.0,0.0,0.0,87.0,0.0,3.0
878,0.0,0.0,199.0,2301.0,0.0,0.0,0.0,0.0,0.0,3.0
879,0.0,0.0,106.0,2382.0,7.0,0.0,0.0,0.0,5.0,3.0
880,0.0,0.0,163.0,1315.0,948.0,0.0,74.0,0.0,0.0,3.0
881,0.0,337.0,0.0,1318.0,297.0,89.0,26.0,0.0,433.0,3.0
882,1880.0,0.0,0.0,488.0,30.0,0.0,82.0,0.0,20.0,3.0
883,0.0,456.0,0.0,2044.0,0.0,0.0,0.0,0.0,0.0,3.0
884,0.0,1146.0,0.0,1354.0,0.0,0.0,0.0,0.0,0.0,3.0
885,0.0,266.0,97.0,2078.0,0.0,0.0,0.0,0.0,59.0,3.0
886,412.0,161.0,96.0,0.0,1711.0,0.0,0.0,108.0,12.0,3.0
887,0.0,0.0,14.0,2139.0,0.0,322.0,0.0,25.0,0.0,3.0
888,997.0,2.0,0.0,283.0,318.0,0.0,895.0,0.0,5.0,3.0
889,223.0,0.0,349.0,403.0,1514.0,11.0,0.0,0.0,0.0,3.0
890,0.0,0.0,40.0,2426.0,0.0,0.0,34.0,0.0,0.0,3.0
891,58.0,0.0,773.0,1382.0,287.0,0.0,0.0,0.0,0.0,3.0
892,0.0,313.0,0.0,2187.0,0.0,0.0,0.0,0.0,0.0,3.0
893,15.0,0.0,0.0,419.0,424.0,0.0,1642.0,0.0,0.0,3.0
894,0.0,6.0,2.0,1609.0,883.0,0.0,0.0,0.0,0.0,3.0
895,11.0,0.0,121.0,1995.0,0.0,373.0,0.0,0.0,0.0,3.0
896,1948.0,0.0,391.0,14.0,0.0,0.0,0.0,85.0,62.0,3.0
897,0.0,0.0,59.0,0.0,2441.0,0.0,0.0,0.0,0.0,3.0
898,0.0,171.0,1427.0,902.0,0.0,0.0,0.0,0.0,0.0,3.0
899,0.0,28.0,0.0,2461.0,0.0,0.0,0.0,0.0,11.0,3.0
